iter	R2	RMSE
0	0.08941252011	45168.41397
1	0.1709426184	43098.91122
2	0.246777227	41080.50037
3	0.3124244021	39249.50929
4	0.3719072387	37513.35422
5	0.4271388314	35826.03089
6	0.4766764988	34242
7	0.5229999346	32691.37769
8	0.5644983859	31236.96912
9	0.601007723	29898.97145
10	0.6349263539	28599.88227
11	0.6653111989	27383.85549
12	0.6940004338	26183.90456
13	0.7197664945	25057.28621
14	0.7435985498	23968.13501
15	0.7653470603	22929.09974
16	0.7846978397	21963.33054
17	0.8027590304	21021.92915
18	0.8179442485	20196.50427
19	0.8320527648	19398.15535
20	0.8454586526	18607.85662
21	0.8578322783	17847.38144
22	0.8694959447	17099.60221
23	0.8799609252	16399.6781
24	0.8894083517	15741.10331
25	0.8979109575	15123.89206
26	0.9054513431	14554.6473
27	0.9121856553	14026.73965
28	0.9185399765	13509.71755
29	0.9245698091	13000.09743
30	0.9302377491	12502.13679
31	0.9354268845	12028.17877
32	0.9399737837	11596.96879
33	0.9440947881	11191.80547
34	0.9478058179	10813.9673
35	0.9512086801	10455.51157
36	0.9545411596	10092.138
37	0.9575373715	9753.880734
38	0.9603559941	9424.596594
39	0.9628697281	9120.907862
40	0.9651333347	8838.513103
41	0.9671204292	8582.95971
42	0.9690232667	8330.897903
43	0.9705314177	8125.566063
44	0.9721661755	7896.969241
45	0.9733882687	7721.658118
46	0.9747080749	7527.745841
47	0.9758905951	7349.660011
48	0.9769184228	7191.289035
49	0.9779028005	7036.272037
50	0.9788318076	6886.77494
51	0.9796092345	6759.129522
52	0.9803968704	6627.301212
53	0.9810731166	6511.987477
54	0.9817038513	6402.562756
55	0.9822989542	6297.576723
56	0.9828430672	6200.03055
57	0.9833820248	6101.871488
58	0.9838406958	6017.073713
59	0.9843051978	5929.962224
60	0.9846494012	5864.57661
61	0.9850513801	5787.280777
62	0.9853958506	5720.21216
63	0.9856466131	5670.889687
64	0.9859489115	5610.854267
65	0.9862291538	5554.61954
66	0.9864627302	5507.310292
67	0.9867093389	5456.916349
68	0.98692862	5411.712584
69	0.9871031573	5375.46087
70	0.9872765	5339.213661
71	0.9874496035	5302.769219
72	0.9875895003	5273.13194
73	0.9877425321	5240.520039
74	0.9878783081	5211.414597
75	0.9879873885	5187.913428
76	0.9881140431	5160.491637
77	0.9882205101	5137.327412
78	0.9883195459	5115.68585
79	0.9884161745	5094.481712
80	0.9884940512	5077.328032
81	0.9885844625	5057.340391
82	0.9886643694	5039.609045
83	0.9887231211	5026.532124
84	0.9887961394	5010.232191
85	0.9888419729	4999.973588
86	0.9889049915	4985.834104
87	0.9889659512	4972.118304
88	0.9890239594	4959.031372
89	0.9890807339	4946.189244
90	0.9891299228	4935.035919
91	0.9891666781	4926.685373
92	0.9891954677	4920.134676
93	0.9892344117	4911.25957
94	0.9892781232	4901.278843
95	0.9892884853	4898.909848
96	0.9893036764	4895.434791
97	0.989333807	4888.534932
98	0.9893656754	4881.226487
99	0.9893926786	4875.025225
100	0.9894293091	4866.600435
101	0.9894596079	4859.620849
102	0.9894766564	4855.689174
103	0.9894955248	4851.334096
104	0.9895094725	4848.112256
105	0.9895300934	4843.345018
106	0.9895471378	4839.401066
107	0.9895706654	4833.951673
108	0.9895842757	4830.796497
109	0.9895987968	4827.427869
110	0.9896071533	4825.488273
111	0.9896207913	4822.321116
112	0.9896395686	4817.95705
113	0.9896573495	4813.820914
114	0.989667524	4811.452549
115	0.9896915418	4805.857189
116	0.989698074	4804.334277
117	0.9897080489	4802.007804
118	0.9897223135	4798.678862
119	0.9897347415	4795.776641
120	0.9897498416	4792.248074
121	0.9897563723	4790.721188
122	0.9897663624	4788.384554
123	0.9897888071	4783.130664
124	0.9897955492	4781.551334
125	0.9898168875	4776.549413
126	0.9898265267	4774.28817
127	0.9898285073	4773.823405
128	0.9898315234	4773.115574
129	0.9898411249	4770.861556
130	0.9898518498	4768.342552
131	0.9898677367	4764.608683
132	0.9898763636	4762.579878
133	0.9898825108	4761.133712
134	0.9898867099	4760.145601
135	0.9898934306	4758.563681
136	0.9899006988	4756.852296
137	0.9899102679	4754.598194
138	0.9899153912	4753.390914
139	0.9899189027	4752.563256
140	0.9899256589	4750.970443
141	0.9899319312	4749.49125
142	0.9899441343	4746.612028
143	0.9899526665	4744.597911
144	0.9899596184	4742.956191
145	0.9899611833	4742.586569
146	0.9899713232	4740.190776
147	0.9899807879	4737.953452
148	0.9899828631	4737.462752
149	0.9899872293	4736.430164
150	0.9899932958	4734.995115
151	0.9899977886	4733.932025
152	0.989999152	4733.609388
153	0.9900051135	4732.198323
154	0.9900105092	4730.920813
155	0.9900135171	4730.208508
156	0.9900186563	4728.991225
157	0.9900226975	4728.033818
158	0.9900272467	4726.955804
159	0.9900369188	4724.663029
160	0.9900395363	4724.042361
161	0.9900434426	4723.115925
162	0.9900558232	4720.178489
163	0.9900568553	4719.933542
164	0.9900587806	4719.476558
165	0.9900604623	4719.077355
166	0.9900605064	4719.066891
167	0.9900666249	4717.614195
168	0.9900666342	4717.611995
169	0.9900695317	4716.923876
170	0.9900773626	4715.063707
171	0.9900878543	4712.5703
172	0.9900949791	4710.876321
173	0.9901021142	4709.17927
174	0.990102471	4709.094395
175	0.9901094564	4707.432316
176	0.9901125372	4706.699101
177	0.990118858	4705.194419
178	0.9901254442	4703.62605
179	0.9901316304	4702.152471
180	0.9901369224	4700.891504
181	0.9901427508	4699.502367
182	0.9901502726	4697.70898
183	0.9901564856	4696.227149
184	0.9901574592	4695.994893
185	0.9901588313	4695.667546
186	0.990162299	4694.840181
187	0.9901735194	4692.16206
188	0.9901783326	4691.012783
189	0.9901853627	4689.333608
190	0.9901894669	4688.35304
191	0.9902028449	4685.155352
192	0.990205583	4684.500611
193	0.9902068931	4684.187294
194	0.9902076286	4684.011382
195	0.9902150024	4682.247496
196	0.9902209415	4680.826316
197	0.9902304408	4678.552298
198	0.9902324237	4678.077484
199	0.9902383082	4676.668112
200	0.9902431958	4675.497179
201	0.9902434946	4675.425589
202	0.9902534039	4673.050652
203	0.9902541743	4672.865969
204	0.9902655464	4670.13885
205	0.9902691602	4669.271902
206	0.9902728885	4668.377319
207	0.9902767267	4667.456186
208	0.9902787519	4666.970081
209	0.9902789432	4666.924166
210	0.9902822803	4666.123062
211	0.9902829665	4665.958305
212	0.9902867097	4665.059519
213	0.9902871553	4664.952504
214	0.9902902089	4664.219153
215	0.9902911619	4663.990256
216	0.9902924858	4663.672242
217	0.9903032187	4661.093396
218	0.9903040647	4660.890047
219	0.9903094887	4659.586197
220	0.9903150758	4658.242752
221	0.9903189251	4657.316933
222	0.9903210245	4656.811929
223	0.9903229748	4656.342734
224	0.9903339839	4653.69334
225	0.9903347072	4653.519202
226	0.9903365635	4653.07232
227	0.9903437128	4651.350767
228	0.9903450481	4651.02915
229	0.990352039	4649.344992
230	0.9903547636	4648.688464
231	0.9903564682	4648.277654
232	0.990359983	4647.430507
233	0.9903632215	4646.649806
234	0.9903672659	4645.67464
235	0.9903679406	4645.511933
236	0.9903701196	4644.98644
237	0.9903770643	4643.311251
238	0.9903863223	4641.077108
239	0.9903885024	4640.550836
240	0.9903955857	4638.840581
241	0.9903976442	4638.343421
242	0.990398548	4638.125139
243	0.9904007146	4637.601789
244	0.990405618	4636.417178
245	0.990406418	4636.223872
246	0.9904077543	4635.900978
247	0.9904108336	4635.156815
248	0.9904127575	4634.691808
249	0.9904187815	4633.2355
250	0.990419998	4632.941374
251	0.9904250884	4631.710321
252	0.9904252896	4631.661662
253	0.9904314926	4630.161096
254	0.9904351936	4629.265576
255	0.9904365556	4628.935956
256	0.9904457082	4626.720389
257	0.9904465745	4626.51063
258	0.9904478979	4626.190167
259	0.9904513477	4625.354705
260	0.99045344	4624.847921
261	0.9904607624	4623.073909
262	0.9904629859	4622.535091
263	0.9904643605	4622.201944
264	0.9904682431	4621.260846
265	0.9904705629	4620.698447
266	0.9904785702	4618.756741
267	0.9904799289	4618.427167
268	0.9904844341	4617.334261
269	0.9904881518	4616.432181
270	0.9904897641	4616.040912
271	0.9904910848	4615.720364
272	0.9904919485	4615.510756
273	0.9904933833	4615.162483
274	0.9904946708	4614.849953
275	0.9904956409	4614.614447
276	0.9904963928	4614.43191
277	0.9904979036	4614.065123
278	0.9905037977	4612.633866
279	0.9905046791	4612.419788
280	0.9905125447	4610.509014
281	0.9905133403	4610.315701
282	0.9905187844	4608.992656
283	0.9905209166	4608.474368
284	0.9905261079	4607.212258
285	0.9905269009	4607.019425
286	0.9905340096	4605.290534
287	0.9905390007	4604.076262
288	0.990539865	4603.865968
289	0.990540928	4603.607302
290	0.9905484251	4601.782566
291	0.9905500592	4601.38473
292	0.9905528086	4600.715326
293	0.9905534238	4600.565506
294	0.990554591	4600.281284
295	0.9905557534	4599.998206
296	0.9905645562	4597.853935
297	0.9905654422	4597.638058
298	0.9905683616	4596.926662
299	0.9905694095	4596.671274
300	0.9905744408	4595.444927
301	0.9905751167	4595.280166
302	0.9905763127	4594.988587
303	0.9905787246	4594.400533
304	0.9905818583	4593.636381
305	0.9905865402	4592.494456
306	0.9905923458	4591.078054
307	0.9905929867	4590.921678
308	0.9906002516	4589.148578
309	0.9906066138	4587.595237
310	0.9906116228	4586.371916
311	0.9906127224	4586.103327
312	0.9906203079	4584.250009
313	0.9906222612	4583.77265
314	0.9906257333	4582.924016
315	0.990628079	4582.350577
316	0.9906292807	4582.056791
317	0.9906302412	4581.821972
318	0.9906318007	4581.440648
319	0.9906370734	4580.151173
320	0.9906423697	4578.855584
321	0.9906442253	4578.401553
322	0.9906473355	4577.640491
323	0.990648051	4577.465384
324	0.9906496712	4577.068855
325	0.9906511477	4576.707467
326	0.9906525902	4576.354361
327	0.9906574073	4575.17502
328	0.9906612813	4574.226354
329	0.9906637046	4573.632821
330	0.990665953	4573.082074
331	0.9906672735	4572.758571
332	0.990668099	4572.556336
333	0.9906750105	4570.862727
334	0.9906758535	4570.656124
335	0.990675989	4570.622924
336	0.9906829297	4568.921421
337	0.9906856733	4568.248687
338	0.9906867356	4567.988156
339	0.9906903734	4567.095943
340	0.9906963695	4565.624938
341	0.9906999061	4564.757086
342	0.9907050099	4563.504358
343	0.9907066455	4563.10283
344	0.990707971	4562.777399
345	0.9907085965	4562.623831
346	0.9907095557	4562.388298
347	0.9907119755	4561.7941
348	0.9907186318	4560.159209
349	0.9907221615	4559.292013
350	0.9907251824	4558.549683
351	0.9907277985	4557.906741
352	0.990730288	4557.294812
353	0.9907322257	4556.818466
354	0.9907358017	4555.939255
355	0.9907406419	4554.748938
356	0.990743845	4553.961059
357	0.9907468905	4553.211831
358	0.9907476881	4553.015587
359	0.9907494252	4552.588153
360	0.9907498306	4552.488378
361	0.9907521576	4551.915727
362	0.9907533328	4551.626506
363	0.9907587985	4550.281059
364	0.9907610142	4549.735543
365	0.9907636121	4549.095834
366	0.9907642337	4548.942763
367	0.9907656116	4548.603401
368	0.9907674083	4548.160876
369	0.9907686838	4547.846707
370	0.9907694497	4547.658041
371	0.9907711588	4547.237008
372	0.990774589	4546.39187
373	0.9907751719	4546.248229
374	0.9907787612	4545.3637
375	0.9907825138	4544.438723
376	0.9907863152	4543.501548
377	0.9907883634	4542.996498
378	0.9907889065	4542.862583
379	0.9907936461	4541.693639
380	0.9907953086	4541.283561
381	0.9907986658	4540.455312
382	0.990798918	4540.39309
383	0.9908018417	4539.671665
384	0.9908038564	4539.174475
385	0.9908048766	4538.922686
386	0.9908056611	4538.729058
387	0.9908081689	4538.110043
388	0.9908096658	4537.740509
389	0.9908134098	4536.816092
390	0.9908198504	4535.225473
391	0.9908213631	4534.851806
392	0.9908285203	4533.083381
393	0.9908302203	4532.663257
394	0.990832114	4532.195187
395	0.9908345146	4531.601771
396	0.9908374505	4530.875947
397	0.9908426943	4529.579221
398	0.9908456073	4528.85873
399	0.9908470613	4528.499051
400	0.9908480354	4528.25807
401	0.9908551074	4526.508158
402	0.9908555494	4526.398781
403	0.99086098	4525.054542
404	0.9908639228	4524.325926
405	0.9908642018	4524.256846
406	0.9908681416	4523.28121
407	0.9908705909	4522.674561
408	0.9908722589	4522.261389
409	0.9908725999	4522.17691
410	0.9908729799	4522.082776
411	0.9908733964	4521.979581
412	0.9908776183	4520.933544
413	0.9908792037	4520.540691
414	0.9908796039	4520.441505
415	0.9908808444	4520.134071
416	0.9908814677	4519.979607
417	0.990885492	4518.982087
418	0.9908876477	4518.447642
419	0.9908911304	4517.584107
420	0.9908932463	4517.059377
421	0.9908946515	4516.710875
422	0.990897855	4515.916234
423	0.9909027876	4514.692464
424	0.9909067071	4513.71978
425	0.9909095326	4513.01847
426	0.9909114327	4512.546782
427	0.9909127927	4512.20915
428	0.9909190359	4510.658862
429	0.9909213371	4510.087307
430	0.9909224042	4509.822253
431	0.9909231506	4509.63683
432	0.9909256376	4509.018976
433	0.9909271333	4508.647364
434	0.9909292889	4508.111721
435	0.9909322364	4507.379223
436	0.9909330237	4507.183549
437	0.9909343504	4506.853781
438	0.9909377986	4505.996597
439	0.9909405603	4505.309948
440	0.9909449738	4504.212366
441	0.9909454695	4504.089076
442	0.9909473104	4503.631182
443	0.9909498848	4502.99077
444	0.9909525675	4502.323318
445	0.990957823	4501.015461
446	0.9909589893	4500.725191
447	0.9909629285	4499.744579
448	0.9909639065	4499.501085
449	0.990964624	4499.322454
450	0.9909677428	4498.545855
451	0.990968465	4498.365998
452	0.9909694254	4498.126819
453	0.9909707228	4497.803684
454	0.9909729508	4497.248747
455	0.9909730632	4497.220739
456	0.990978992	4495.743624
457	0.9909796146	4495.588478
458	0.9909826943	4494.820994
459	0.9909853816	4494.151168
460	0.9909896953	4493.075763
461	0.9909916774	4492.581556
462	0.9909951152	4491.724222
463	0.9909977859	4491.058087
464	0.990998449	4490.892677
465	0.9910023444	4489.920867
466	0.9910070178	4488.754673
467	0.9910080046	4488.508384
468	0.9910095967	4488.11101
469	0.9910106881	4487.838593
470	0.9910132398	4487.201587
471	0.9910141002	4486.986768
472	0.991016955	4486.273955
473	0.9910236516	4484.601463
474	0.9910271807	4483.719809
475	0.9910273843	4483.668939
476	0.9910297558	4483.076376
477	0.9910310359	4482.756482
478	0.9910325114	4482.387719
479	0.9910351397	4481.730814
480	0.9910357254	4481.584388
481	0.9910429838	4479.769667
482	0.9910482197	4478.460128
483	0.9910487664	4478.323368
484	0.9910500764	4477.995645
485	0.9910508149	4477.810892
486	0.9910520512	4477.501593
487	0.9910561605	4476.473334
488	0.9910603788	4475.417566
489	0.9910652331	4474.202301
490	0.9910690636	4473.243118
491	0.9910724946	4472.383777
492	0.9910748039	4471.805302
493	0.991077585	4471.108558
494	0.991078408	4470.902345
495	0.9910794461	4470.642218
496	0.991081613	4470.099204
497	0.9910826816	4469.831382
498	0.9910831308	4469.718798
499	0.9910859392	4469.014858
500	0.9910878779	4468.528868
501	0.9910928606	4467.279528
502	0.9910959194	4466.512415
503	0.9910985175	4465.860726
504	0.9910988435	4465.778938
505	0.9911027622	4464.79583
506	0.9911085372	4463.346596
507	0.9911117577	4462.538201
508	0.9911123929	4462.378742
509	0.9911137977	4462.026065
510	0.9911140044	4461.974166
511	0.991115942	4461.487664
512	0.9911182924	4460.897455
513	0.9911202819	4460.397808
514	0.9911243523	4459.375373
515	0.9911263939	4458.862457
516	0.9911301352	4457.922406
517	0.9911323065	4457.376732
518	0.9911336045	4457.050481
519	0.9911383375	4455.860717
520	0.9911409876	4455.194399
521	0.9911410667	4455.174499
522	0.9911422564	4454.875351
523	0.9911440591	4454.421991
524	0.9911468162	4453.72855
525	0.9911475196	4453.551625
526	0.9911487304	4453.247043
527	0.991152223	4452.368348
528	0.9911552814	4451.598784
529	0.9911568822	4451.195895
530	0.9911579316	4450.931801
531	0.9911584345	4450.805215
532	0.9911603904	4450.312899
533	0.9911615542	4450.019915
534	0.9911630196	4449.651016
535	0.991167988	4448.399957
536	0.9911723395	4447.303977
537	0.9911727433	4447.202272
538	0.99117493	4446.651405
539	0.9911758731	4446.413801
540	0.9911768234	4446.174362
541	0.9911775102	4446.001299
542	0.991178376	4445.783137
543	0.9911789682	4445.633927
544	0.9911806606	4445.207429
545	0.9911817836	4444.924401
546	0.9911830143	4444.614228
547	0.9911843508	4444.277349
548	0.9911886921	4443.182917
549	0.9911892	4443.054858
550	0.991192494	4442.224228
551	0.9911956384	4441.43119
552	0.9911992054	4440.531403
553	0.9912019742	4439.832854
554	0.9912026561	4439.660771
555	0.9912035786	4439.42799
556	0.9912047688	4439.12765
557	0.991209267	4437.992336
558	0.9912111731	4437.51118
559	0.9912146268	4436.639186
560	0.9912175496	4435.901119
561	0.991217688	4435.866164
562	0.9912196705	4435.365477
563	0.9912251083	4433.991802
564	0.9912285132	4433.131456
565	0.9912294792	4432.887353
566	0.9912305118	4432.626384
567	0.9912317001	4432.326066
568	0.991233184	4431.950996
569	0.9912348341	4431.533889
570	0.9912368101	4431.034344
571	0.9912374684	4430.867889
572	0.9912400958	4430.203567
573	0.9912408275	4430.018537
574	0.9912419473	4429.735347
575	0.9912429724	4429.476113
576	0.9912475611	4428.315428
577	0.9912521082	4427.164961
578	0.9912565934	4426.029887
579	0.9912605559	4425.026839
580	0.9912610128	4424.911151
581	0.9912613589	4424.823539
582	0.9912621973	4424.611263
583	0.991264131	4424.121651
584	0.9912650807	4423.88117
585	0.9912660367	4423.639066
586	0.9912674613	4423.278286
587	0.9912678712	4423.174464
588	0.9912698729	4422.667476
589	0.9912723227	4422.046887
590	0.9912744988	4421.495573
591	0.9912801863	4420.054334
592	0.9912806547	4419.935595
593	0.9912830168	4419.33689
594	0.9912848497	4418.872233
595	0.9912856204	4418.676844
596	0.9912861056	4418.553837
597	0.9912869684	4418.335062
598	0.9912894948	4417.694469
599	0.9912913476	4417.224595
600	0.9912946064	4416.39804
601	0.9912950509	4416.285293
602	0.9912956479	4416.133851
603	0.9912968065	4415.839938
604	0.9912980918	4415.513859
605	0.9912986608	4415.369499
606	0.9913003676	4414.93643
607	0.99130161	4414.621174
608	0.9913029683	4414.276481
609	0.9913052501	4413.697351
610	0.9913070145	4413.249506
611	0.9913081702	4412.956131
612	0.9913091258	4412.713555
613	0.9913129856	4411.733537
614	0.9913145712	4411.33089
615	0.9913148477	4411.260673
616	0.9913180681	4410.442772
617	0.991319113	4410.177356
618	0.9913216212	4409.540181
619	0.9913261709	4408.384171
620	0.9913281064	4407.892299
621	0.9913302488	4407.347781
622	0.9913335065	4406.519648
623	0.9913350349	4406.13108
624	0.9913352875	4406.066858
625	0.9913370846	4405.6099
626	0.991338166	4405.334931
627	0.9913402474	4404.805593
628	0.9913411788	4404.56871
629	0.9913420482	4404.347577
630	0.9913431554	4404.06596
631	0.9913453617	4403.504699
632	0.9913458544	4403.37935
633	0.991347394	4402.987666
634	0.9913492665	4402.511207
635	0.9913508625	4402.105072
636	0.9913538984	4401.33242
637	0.9913554878	4400.927859
638	0.9913590633	4400.017618
639	0.9913600145	4399.775427
640	0.9913617039	4399.345255
641	0.9913663404	4398.164452
642	0.991368761	4397.547873
643	0.9913702982	4397.15624
644	0.9913703734	4397.137104
645	0.9913729202	4396.488199
646	0.9913757384	4395.770026
647	0.9913788963	4394.965181
648	0.9913806592	4394.515791
649	0.9913816037	4394.275012
650	0.9913818595	4394.209802
651	0.9913856416	4393.245483
652	0.9913864329	4393.043705
653	0.9913869508	4392.91163
654	0.9913873732	4392.803926
655	0.9913885268	4392.509722
656	0.9913903158	4392.053419
657	0.9913943673	4391.01991
658	0.9913947836	4390.9137
659	0.9913977173	4390.165165
660	0.9913996912	4389.661443
661	0.9914039273	4388.580233
662	0.9914084994	4387.412978
663	0.9914097918	4387.082981
664	0.9914132725	4386.19408
665	0.991415763	4385.557932
666	0.9914192625	4384.663923
667	0.9914205988	4384.322506
668	0.9914219976	4383.965063
669	0.9914229932	4383.71065
670	0.9914257855	4382.997015
671	0.9914274573	4382.569696
672	0.9914288715	4382.208202
673	0.9914333945	4381.051787
674	0.9914348732	4380.673665
675	0.9914365367	4380.248252
676	0.9914381753	4379.829151
677	0.9914389747	4379.624688
678	0.991439496	4379.491336
679	0.9914440025	4378.338433
680	0.9914458028	4377.877789
681	0.9914505285	4376.668359
682	0.9914515014	4376.419313
683	0.9914524561	4376.174931
684	0.9914580003	4374.75543
685	0.9914595741	4374.352401
686	0.9914629955	4373.476108
687	0.9914673882	4372.350792
688	0.9914707145	4371.498454
689	0.9914740108	4370.653651
690	0.9914758517	4370.181778
691	0.9914765527	4370.002083
692	0.9914769238	4369.906945
693	0.9914798532	4369.155916
694	0.9914799828	4369.122694
695	0.9914819099	4368.62853
696	0.9914822729	4368.535454
697	0.9914844861	4367.967868
698	0.9914851	4367.810421
699	0.9914873253	4367.239625
700	0.9914880327	4367.058171
701	0.9914894554	4366.693197
702	0.9914918999	4366.066033
703	0.991494173	4365.48275
704	0.9914968837	4364.787084
705	0.9914981237	4364.468815
706	0.9914994818	4364.120204
707	0.9915014652	4363.611041
708	0.9915037098	4363.034765
709	0.9915072923	4362.114803
710	0.9915087331	4361.744789
711	0.9915097564	4361.481939
712	0.9915119659	4360.914397
713	0.9915138025	4360.44257
714	0.9915144809	4360.26828
715	0.9915148145	4360.182574
716	0.9915151468	4360.097184
717	0.9915164783	4359.75507
718	0.9915176949	4359.442438
719	0.9915185671	4359.218308
720	0.9915231909	4358.029892
721	0.9915240739	4357.802919
722	0.9915270073	4357.048747
723	0.9915285318	4356.656775
724	0.9915324053	4355.660631
725	0.9915336213	4355.347881
726	0.9915365426	4354.596421
727	0.9915390217	4353.958598
728	0.9915420898	4353.169114
729	0.9915426597	4353.022447
730	0.9915468274	4351.949758
731	0.9915471578	4351.864703
732	0.9915483335	4351.562033
